phase,worker,requestId,sendMs,completeMs,httpNs,classifyNs,status,classification,orderSn
matrix3-baseline-0-50-1,49,matrix3-baseline-0-50-1-49-1,1791535217154,1791535217249,95143000,56400,200,OK,2108477638002741250
matrix3-baseline-0-50-1,28,matrix3-baseline-0-50-1-28-1,1791535217155,1791535217250,95876900,23400,200,OK,2108477638027907075
matrix3-baseline-0-50-1,44,matrix3-baseline-0-50-1-44-1,1791535217154,1791535217253,99663800,34100,200,OK,2108477638006935552
matrix3-baseline-0-50-1,16,matrix3-baseline-0-50-1-16-1,1791535217155,1791535217254,99187900,14500,200,OK,2108477638002741248
matrix3-baseline-0-50-1,48,matrix3-baseline-0-50-1-48-1,1791535217155,1791535217254,99298800,88800,200,OK,2108477638040489984
matrix3-baseline-0-50-1,39,matrix3-baseline-0-50-1-39-1,1791535217155,1791535217254,99782900,92500,200,OK,2108477638027907072
matrix3-baseline-0-50-1,29,matrix3-baseline-0-50-1-29-1,1791535217155,1791535217256,101579000,15000,200,OK,2108477638002741249
matrix3-baseline-0-50-1,19,matrix3-baseline-0-50-1-19-1,1791535217155,1791535217260,105653100,22200,200,OK,2108477638036295680
matrix3-baseline-0-50-1,7,matrix3-baseline-0-50-1-7-1,1791535217155,1791535217261,106646300,15700,200,OK,2108477638027907074
matrix3-baseline-0-50-1,0,matrix3-baseline-0-50-1-0-1,1791535217161,1791535217291,130037300,26300,200,OK,2108477638128570369
matrix3-baseline-0-50-1,10,matrix3-baseline-0-50-1-10-1,1791535217161,1791535217294,133344600,22400,200,OK,2108477638149541891
matrix3-baseline-0-50-1,32,matrix3-baseline-0-50-1-32-1,1791535217161,1791535217294,133941600,15400,200,OK,2108477638115987456
matrix3-baseline-0-50-1,31,matrix3-baseline-0-50-1-31-1,1791535217161,1791535217298,137039000,27000,200,OK,2108477638149541888
matrix3-baseline-0-50-1,9,matrix3-baseline-0-50-1-9-1,1791535217159,1791535217305,146825600,39700,200,OK,2108477638128570368
matrix3-baseline-0-50-1,34,matrix3-baseline-0-50-1-34-1,1791535217161,1791535217305,144532700,24500,200,OK,2108477638149541890
matrix3-baseline-0-50-1,30,matrix3-baseline-0-50-1-30-1,1791535217156,1791535217317,161611000,28700,200,OK,2108477638090821632
matrix3-baseline-0-50-1,11,matrix3-baseline-0-50-1-11-1,1791535217156,1791535217318,162300700,20900,200,OK,2108477638048878594
matrix3-baseline-0-50-1,6,matrix3-baseline-0-50-1-6-1,1791535217158,1791535217318,160557800,12400,200,OK,2108477638078238720
matrix3-baseline-0-50-1,5,matrix3-baseline-0-50-1-5-1,1791535217157,1791535217319,162617400,15600,200,OK,2108477638095015936
matrix3-baseline-0-50-1,22,matrix3-baseline-0-50-1-22-1,1791535217155,1791535217322,167772100,38600,200,OK,2108477638065655808
matrix3-baseline-0-50-1,40,matrix3-baseline-0-50-1-40-1,1791535217156,1791535217319,163300800,4307200,200,OK,2108477638061461505
matrix3-baseline-0-50-1,8,matrix3-baseline-0-50-1-8-1,1791535217155,1791535217324,169705200,24300,200,OK,2108477638057267202
matrix3-baseline-0-50-1,24,matrix3-baseline-0-50-1-24-1,1791535217160,1791535217327,167176400,30500,200,OK,2108477638128570370
matrix3-baseline-0-50-1,17,matrix3-baseline-0-50-1-17-1,1791535217156,1791535217326,170967200,30800,200,OK,2108477638074044418
matrix3-baseline-0-50-1,1,matrix3-baseline-0-50-1-1-1,1791535217154,1791535217328,174141400,20900,200,OK,2108477638048878593
matrix3-baseline-0-50-1,23,matrix3-baseline-0-50-1-23-1,1791535217155,1791535217334,179872300,175000,200,OK,2108477638061461504
matrix3-baseline-0-50-1,42,matrix3-baseline-0-50-1-42-1,1791535217156,1791535217335,179677900,33500,200,OK,2108477638057267200
matrix3-baseline-0-50-1,21,matrix3-baseline-0-50-1-21-1,1791535217155,1791535217350,195452800,32600,200,OK,2108477638027907073
matrix3-baseline-0-50-1,33,matrix3-baseline-0-50-1-33-1,1791535217160,1791535217359,199093900,24100,200,OK,2108477638124376064
matrix3-baseline-0-50-1,37,matrix3-baseline-0-50-1-37-1,1791535217157,1791535217359,202689800,22500,200,OK,2108477638057267201
matrix3-baseline-0-50-1,41,matrix3-baseline-0-50-1-41-1,1791535217156,1791535217359,203675500,28200,200,OK,2108477638124376068
matrix3-baseline-0-50-1,13,matrix3-baseline-0-50-1-13-1,1791535217161,1791535217365,204181800,37600,200,OK,2108477638149541892
matrix3-baseline-0-50-1,3,matrix3-baseline-0-50-1-3-1,1791535217157,1791535217366,209825200,46500,200,OK,2108477638074044416
matrix3-baseline-0-50-1,43,matrix3-baseline-0-50-1-43-1,1791535217155,1791535217366,211887800,238600,200,OK,2108477638074044417
matrix3-baseline-0-50-1,35,matrix3-baseline-0-50-1-35-1,1791535217155,1791535217367,212754400,339300,200,OK,2108477638048878592
matrix3-baseline-0-50-1,25,matrix3-baseline-0-50-1-25-1,1791535217158,1791535217387,229004300,25100,200,OK,2108477638082433024
matrix3-baseline-0-50-1,18,matrix3-baseline-0-50-1-18-1,1791535217161,1791535217403,242504300,29300,200,OK,2108477638132764672
matrix3-baseline-0-50-1,20,matrix3-baseline-0-50-1-20-1,1791535217161,1791535217405,244853200,168300,200,OK,2108477638149541889
matrix3-baseline-0-50-1,12,matrix3-baseline-0-50-1-12-1,1791535217158,1791535217412,254416800,28600,200,OK,2108477638124376066
matrix3-baseline-0-50-1,46,matrix3-baseline-0-50-1-46-1,1791535217155,1791535217415,260163300,32600,200,OK,2108477638086627328
matrix3-baseline-0-50-1,15,matrix3-baseline-0-50-1-15-1,1791535217161,1791535217417,256110700,39200,200,OK,2108477638124376065
matrix3-baseline-0-50-1,2,matrix3-baseline-0-50-1-2-1,1791535217161,1791535217416,255923800,16100,200,OK,2108477638132764673
matrix3-baseline-0-50-1,45,matrix3-baseline-0-50-1-45-1,1791535217159,1791535217417,258695800,13600,200,OK,2108477638132764675
matrix3-baseline-0-50-1,38,matrix3-baseline-0-50-1-38-1,1791535217159,1791535217422,263346100,19000,200,OK,2108477638124376067
matrix3-baseline-0-50-1,22,matrix3-baseline-0-50-1-22-2,1791535217324,1791535217422,98212600,35800,200,OK,2108477638740938752
matrix3-baseline-0-50-1,36,matrix3-baseline-0-50-1-36-1,1791535217160,1791535217438,278563900,39400,200,OK,2108477638132764674
matrix3-baseline-0-50-1,5,matrix3-baseline-0-50-1-5-2,1791535217319,1791535217438,119644700,22900,200,OK,2108477638778687488
matrix3-baseline-0-50-1,39,matrix3-baseline-0-50-1-39-2,1791535217255,1791535217439,184070100,20100,200,OK,2108477638426365952
matrix3-baseline-0-50-1,17,matrix3-baseline-0-50-1-17-2,1791535217328,1791535217442,114580700,69400,200,OK,2108477638795464704
matrix3-baseline-0-50-1,49,matrix3-baseline-0-50-1-49-2,1791535217250,1791535217459,209125600,29200,200,OK,2108477638430560256
matrix3-baseline-0-50-1,21,matrix3-baseline-0-50-1-21-2,1791535217351,1791535217459,108078500,65000,200,OK,2108477638833213440
matrix3-baseline-0-50-1,43,matrix3-baseline-0-50-1-43-2,1791535217368,1791535217470,102894500,30600,200,OK,2108477638900322304
matrix3-baseline-0-50-1,27,matrix3-baseline-0-50-1-27-1,1791535217161,1791535217477,316329200,26400,200,OK,2108477638166319104
matrix3-baseline-0-50-1,33,matrix3-baseline-0-50-1-33-2,1791535217360,1791535217478,118067000,17600,200,OK,2108477638879350785
matrix3-baseline-0-50-1,7,matrix3-baseline-0-50-1-7-2,1791535217261,1791535217478,217170200,24900,200,OK,2108477638438948868
matrix3-baseline-0-50-1,4,matrix3-baseline-0-50-1-4-1,1791535217161,1791535217478,317764100,23600,200,OK,2108477638157930497
matrix3-baseline-0-50-1,44,matrix3-baseline-0-50-1-44-2,1791535217255,1791535217481,226069400,19400,200,OK,2108477638405394432
matrix3-baseline-0-50-1,29,matrix3-baseline-0-50-1-29-2,1791535217256,1791535217480,224265400,17300,200,OK,2108477638438948865
matrix3-baseline-0-50-1,10,matrix3-baseline-0-50-1-10-2,1791535217295,1791535217481,186090900,10100,200,OK,2108477638652858369
matrix3-baseline-0-50-1,0,matrix3-baseline-0-50-1-0-2,1791535217292,1791535217482,190618700,22300,200,OK,2108477638657052672
matrix3-baseline-0-50-1,19,matrix3-baseline-0-50-1-19-2,1791535217261,1791535217518,257250800,29500,200,OK,2108477638438948867
matrix3-baseline-0-50-1,31,matrix3-baseline-0-50-1-31-2,1791535217299,1791535217521,222705600,25500,200,OK,2108477638686412801
matrix3-baseline-0-50-1,9,matrix3-baseline-0-50-1-9-2,1791535217306,1791535217522,216782400,22300,200,OK,2108477638686412800
matrix3-baseline-0-50-1,32,matrix3-baseline-0-50-1-32-2,1791535217295,1791535217523,228157100,19700,200,OK,2108477638652858368
matrix3-baseline-0-50-1,26,matrix3-baseline-0-50-1-26-1,1791535217161,1791535217522,361747300,14900,200,OK,2108477638157930496
matrix3-baseline-0-50-1,20,matrix3-baseline-0-50-1-20-2,1791535217405,1791535217537,132256500,26400,200,OK,2108477639114231808
matrix3-baseline-0-50-1,48,matrix3-baseline-0-50-1-48-2,1791535217255,1791535217537,282675700,14700,200,OK,2108477638438948864
matrix3-baseline-0-50-1,1,matrix3-baseline-0-50-1-1-2,1791535217328,1791535217538,210844300,20900,200,OK,2108477638778687490
matrix3-baseline-0-50-1,6,matrix3-baseline-0-50-1-6-2,1791535217318,1791535217542,224753200,32200,200,OK,2108477638761910272
matrix3-baseline-0-50-1,11,matrix3-baseline-0-50-1-11-2,1791535217318,1791535217553,235200700,25300,200,OK,2108477638740938753
matrix3-baseline-0-50-1,40,matrix3-baseline-0-50-1-40-2,1791535217324,1791535217554,230048200,21400,200,OK,2108477638740938754
matrix3-baseline-0-50-1,30,matrix3-baseline-0-50-1-30-2,1791535217318,1791535217553,235576100,12400,200,OK,2108477638728355840
matrix3-baseline-0-50-1,37,matrix3-baseline-0-50-1-37-2,1791535217360,1791535217554,194715000,17200,200,OK,2108477638879350784
matrix3-baseline-0-50-1,14,matrix3-baseline-0-50-1-14-1,1791535217161,1791535217561,400198300,25500,200,OK,2108477638157930498
matrix3-baseline-0-50-1,47,matrix3-baseline-0-50-1-47-1,1791535217161,1791535217562,401242200,17400,200,OK,2108477638157930499
matrix3-baseline-0-50-1,23,matrix3-baseline-0-50-1-23-2,1791535217335,1791535217562,227486000,35500,200,OK,2108477638816436225
matrix3-baseline-0-50-1,28,matrix3-baseline-0-50-1-28-2,1791535217250,1791535217565,315093100,28700,200,OK,2108477638397005824
matrix3-baseline-0-50-1,34,matrix3-baseline-0-50-1-34-2,1791535217306,1791535217579,273164900,306000,200,OK,2108477638698995712
matrix3-baseline-0-50-1,27,matrix3-baseline-0-50-1-27-2,1791535217478,1791535217581,103351500,46900,200,OK,2108477639357501440
matrix3-baseline-0-50-1,3,matrix3-baseline-0-50-1-3-2,1791535217368,1791535217597,229356000,30500,200,OK,2108477638896128000
matrix3-baseline-0-50-1,4,matrix3-baseline-0-50-1-4-2,1791535217480,1791535217596,116824900,15300,200,OK,2108477639382667266
matrix3-baseline-0-50-1,42,matrix3-baseline-0-50-1-42-2,1791535217336,1791535217596,260734800,23500,200,OK,2108477638803853312
matrix3-baseline-0-50-1,7,matrix3-baseline-0-50-1-7-3,1791535217478,1791535217596,118079800,14600,200,OK,2108477639391055872
matrix3-baseline-0-50-1,18,matrix3-baseline-0-50-1-18-2,1791535217404,1791535217597,193345400,12500,200,OK,2108477639076483072
matrix3-baseline-0-50-1,35,matrix3-baseline-0-50-1-35-2,1791535217370,1791535217596,226913300,27700,200,OK,2108477638929682432
matrix3-baseline-0-50-1,41,matrix3-baseline-0-50-1-41-2,1791535217361,1791535217608,247523500,35000,200,OK,2108477638870962176
matrix3-baseline-0-50-1,25,matrix3-baseline-0-50-1-25-2,1791535217387,1791535217607,220409700,11200,200,OK,2108477639030345728
matrix3-baseline-0-50-1,46,matrix3-baseline-0-50-1-46-2,1791535217415,1791535217607,192808000,28200,200,OK,2108477639110037504
matrix3-baseline-0-50-1,36,matrix3-baseline-0-50-1-36-2,1791535217439,1791535217635,196162700,30200,200,OK,2108477639210700801
matrix3-baseline-0-50-1,17,matrix3-baseline-0-50-1-17-3,1791535217442,1791535217638,196648900,46300,200,OK,2108477639210700800
matrix3-baseline-0-50-1,45,matrix3-baseline-0-50-1-45-2,1791535217418,1791535217639,221820300,22100,200,OK,2108477639139397632
matrix3-baseline-0-50-1,26,matrix3-baseline-0-50-1-26-2,1791535217523,1791535217639,116305200,23200,200,OK,2108477639554633728
matrix3-baseline-0-50-1,19,matrix3-baseline-0-50-1-19-3,1791535217518,1791535217639,121796400,66600,200,OK,2108477639554633731
matrix3-baseline-0-50-1,9,matrix3-baseline-0-50-1-9-3,1791535217523,1791535217641,118164800,38800,200,OK,2108477639563022336
matrix3-baseline-0-50-1,22,matrix3-baseline-0-50-1-22-3,1791535217422,1791535217641,219344600,51200,200,OK,2108477639160369153
matrix3-baseline-0-50-1,32,matrix3-baseline-0-50-1-32-3,1791535217523,1791535217654,131529500,30200,200,OK,2108477639554633730
matrix3-baseline-0-50-1,2,matrix3-baseline-0-50-1-2-2,1791535217418,1791535217656,238517100,22400,200,OK,2108477639139397633
matrix3-baseline-0-50-1,12,matrix3-baseline-0-50-1-12-2,1791535217413,1791535217668,255481200,44000,200,OK,2108477639097454592
matrix3-baseline-0-50-1,10,matrix3-baseline-0-50-1-10-3,1791535217481,1791535217670,189727700,28300,200,OK,2108477639382667264
matrix3-baseline-0-50-1,15,matrix3-baseline-0-50-1-15-2,1791535217417,1791535217671,254153500,86300,200,OK,2108477639147786240
matrix3-baseline-0-50-1,49,matrix3-baseline-0-50-1-49-3,1791535217458,1791535217670,212571100,60900,200,OK,2108477639290392577
matrix3-baseline-0-50-1,47,matrix3-baseline-0-50-1-47-2,1791535217562,1791535217671,109230900,13800,200,OK,2108477639726600193
matrix3-baseline-0-50-1,28,matrix3-baseline-0-50-1-28-3,1791535217566,1791535217671,105267700,17900,200,OK,2108477639739183104
matrix3-baseline-0-50-1,23,matrix3-baseline-0-50-1-23-3,1791535217563,1791535217673,110189100,154000,200,OK,2108477639726600192
matrix3-baseline-0-50-1,24,matrix3-baseline-0-50-1-24-2,1791535217328,1791535217676,348914300,36500,200,OK,2108477638816436224
matrix3-baseline-0-50-1,33,matrix3-baseline-0-50-1-33-3,1791535217478,1791535217682,204615700,29300,200,OK,2108477639361695744
matrix3-baseline-0-50-1,43,matrix3-baseline-0-50-1-43-3,1791535217470,1791535217703,233756400,30800,200,OK,2108477639336529920
matrix3-baseline-0-50-1,38,matrix3-baseline-0-50-1-38-2,1791535217422,1791535217704,282235400,28900,200,OK,2108477639160369152
matrix3-baseline-0-50-1,31,matrix3-baseline-0-50-1-31-3,1791535217521,1791535217703,182836200,24400,200,OK,2108477639554633729
matrix3-baseline-0-50-1,0,matrix3-baseline-0-50-1-0-3,1791535217483,1791535217707,224316400,39600,200,OK,2108477639424610304
matrix3-baseline-0-50-1,39,matrix3-baseline-0-50-1-39-3,1791535217439,1791535217719,280656900,98900,200,OK,2108477639198117888
matrix3-baseline-0-50-1,16,matrix3-baseline-0-50-1-16-2,1791535217255,1791535217720,465368200,211200,200,OK,2108477638438948866
matrix3-baseline-0-50-1,1,matrix3-baseline-0-50-1-1-3,1791535217540,1791535217721,181322400,28900,200,OK,2108477639638519808
matrix3-baseline-0-50-1,18,matrix3-baseline-0-50-1-18-3,1791535217597,1791535217721,124881800,31400,200,OK,2108477639898566656
matrix3-baseline-0-50-1,8,matrix3-baseline-0-50-1-8-2,1791535217325,1791535217732,407577800,29800,200,OK,2108477638778687489
matrix3-baseline-0-50-1,5,matrix3-baseline-0-50-1-5-3,1791535217439,1791535217733,294539200,43400,200,OK,2108477639198117889
matrix3-baseline-0-50-1,48,matrix3-baseline-0-50-1-48-3,1791535217539,1791535217735,196352900,26100,200,OK,2108477639638519809
matrix3-baseline-0-50-1,13,matrix3-baseline-0-50-1-13-2,1791535217366,1791535217747,381275500,320600,200,OK,2108477638904516608
matrix3-baseline-0-50-1,6,matrix3-baseline-0-50-1-6-3,1791535217543,1791535217747,204789000,69400,200,OK,2108477639701434368
matrix3-baseline-0-50-1,26,matrix3-baseline-0-50-1-26-3,1791535217639,1791535217751,112830100,45800,200,OK,2108477640032784384
matrix3-baseline-0-50-1,44,matrix3-baseline-0-50-1-44-3,1791535217481,1791535217753,272735000,33500,200,OK,2108477639382667265
matrix3-baseline-0-50-1,37,matrix3-baseline-0-50-1-37-3,1791535217554,1791535217753,199254800,79700,200,OK,2108477639709822976
matrix3-baseline-0-50-1,45,matrix3-baseline-0-50-1-45-3,1791535217639,1791535217753,114825700,22700,200,OK,2108477640066338816
matrix3-baseline-0-50-1,29,matrix3-baseline-0-50-1-29-3,1791535217481,1791535217757,276818700,45500,200,OK,2108477639382667267
matrix3-baseline-0-50-1,34,matrix3-baseline-0-50-1-34-3,1791535217579,1791535217789,210051400,50000,200,OK,2108477639776931840
matrix3-baseline-0-50-1,20,matrix3-baseline-0-50-1-20-3,1791535217539,1791535217796,257492200,45600,200,OK,2108477639638519810
matrix3-baseline-0-50-1,42,matrix3-baseline-0-50-1-42-3,1791535217597,1791535217796,199221400,83900,200,OK,2108477639902760960
matrix3-baseline-0-50-1,30,matrix3-baseline-0-50-1-30-3,1791535217554,1791535217796,242345200,32200,200,OK,2108477639709822979
matrix3-baseline-0-50-1,3,matrix3-baseline-0-50-1-3-3,1791535217597,1791535217796,199543900,62200,200,OK,2108477639894372352
matrix3-baseline-0-50-1,14,matrix3-baseline-0-50-1-14-2,1791535217561,1791535217796,235926300,25700,200,OK,2108477639714017280
matrix3-baseline-0-50-1,46,matrix3-baseline-0-50-1-46-3,1791535217608,1791535217803,195630800,87600,200,OK,2108477639919538178
matrix3-baseline-0-50-1,7,matrix3-baseline-0-50-1-7-4,1791535217597,1791535217808,211826200,41700,200,OK,2108477639902760961
matrix3-baseline-0-50-1,21,matrix3-baseline-0-50-1-21-3,1791535217458,1791535217809,351605000,163600,200,OK,2108477639290392576
matrix3-baseline-0-50-1,4,matrix3-baseline-0-50-1-4-3,1791535217597,1791535217837,240480700,60000,200,OK,2108477639898566657
matrix3-baseline-0-50-1,17,matrix3-baseline-0-50-1-17-4,1791535217639,1791535217840,201499000,57000,200,OK,2108477640074727425
matrix3-baseline-0-50-1,41,matrix3-baseline-0-50-1-41-3,1791535217609,1791535217841,232910400,43600,200,OK,2108477639919538176
matrix3-baseline-0-50-1,35,matrix3-baseline-0-50-1-35-3,1791535217597,1791535217850,253350100,70400,200,OK,2108477639919538177
matrix3-baseline-0-50-1,27,matrix3-baseline-0-50-1-27-3,1791535217582,1791535217853,271392900,48900,200,OK,2108477639827263488
matrix3-baseline-0-50-1,22,matrix3-baseline-0-50-1-22-4,1791535217641,1791535217860,219704900,42300,200,OK,2108477640091504641
matrix3-baseline-0-50-1,36,matrix3-baseline-0-50-1-36-3,1791535217637,1791535217872,235278300,56700,200,OK,2108477640091504640
matrix3-baseline-0-50-1,11,matrix3-baseline-0-50-1-11-3,1791535217554,1791535217872,318475600,36800,200,OK,2108477639709822977
matrix3-baseline-0-50-1,40,matrix3-baseline-0-50-1-40-3,1791535217554,1791535217873,319169800,51100,200,OK,2108477639709822978
matrix3-baseline-0-50-1,19,matrix3-baseline-0-50-1-19-4,1791535217641,1791535217896,255556600,61500,200,OK,2108477640074727424
matrix3-baseline-0-50-1,9,matrix3-baseline-0-50-1-9-4,1791535217641,1791535217897,256199400,44500,200,OK,2108477640087310336
matrix3-baseline-0-50-1,25,matrix3-baseline-0-50-1-25-3,1791535217608,1791535217897,289212700,80900,200,OK,2108477639923732480
